time,tlb_misses
0.060672,106277
0.0618136,102130
0.059649,102493
0.0601767,102219
0.0595859,103351
0.0597742,103812
